index	date	dev_em	test_em	sota	description
0	2018-05-30 19:24:15	59.79954518655774	59.17400135409614	1	BiDAF-No-Answer (single model) (University of Washington [modified by Stanford])
1	2018-05-30 19:24:23	61.787248378674306	59.331979237192506	1	BiDAF + Self Attention (single model) (Allen Institute for Artificial Intelligence [modified by Stanford])
2	2018-05-30 19:24:29	64.81091552261434	63.37169939065674	1	BiDAF + Self Attention + ELMo (single model) (Allen Institute for Artificial Intelligence [modified by Stanford])
3	2018-06-24 22:37:41	68.99688368567338	68.21259309410968	1	KACTEIL-MRC(GFN-Net) (single model) (Kangwon National University, Natural Language Processing Lab.)
4	2018-06-25 20:10:40	65.92268171481513	65.71879936808847	0	KakaoNet2 (single model) (Kakao NLP Team)
5	2018-06-27 04:46:33	65.21519413796008	63.33784698713609	0	BSAE AddText (single model) (reciTAL.ai)
6	2018-07-11 05:39:04	65.72054240714226	65.25614985330625	0	abcNet (single model) (Fudan University & Liulishuo AI Lab)
7	2018-07-13 09:49:15	68.90423650298997	67.89663732791695	0	VS^3-NET (single model) (Kangwon National University in South Korea)
8	2018-08-14 02:45:09	65.89741430135602	63.3265628526292	0	eeAttNet (single model) (BBD NLP Team) https://www.bbdservice.com
9	2018-08-15 19:00:51	72.32375979112271	71.76709546377793	1	Reinforced Mnemonic Reader + Answer Verifier (single model) (NUDT) https://arxiv.org/abs/1808.05759
10	2018-08-21 12:47:50	72.05424071422556	70.3001579778831	0	FusionNet++ (ensemble) (Microsoft Business Applications Group AI Research)  https://arxiv.org/abs/1711.07341
11	2018-08-21 14:55:57	69.36747241640697	68.65267433987813	0	SAN (single model) (Microsoft Business Applications AI Research) https://arxiv.org/abs/1712.03556
12	2018-08-28 08:44:17	72.15531036806199	71.46242383209209	0	SLQA+ (single model) (Alibaba DAMO NLP) http://www.aclweb.org/anthology/P18-1158
13	2018-09-13 09:46:50	75.82750779078582	74.27217332430602	1	nlnet (single model) (Microsoft Research Asia)
14	2018-09-13 14:55:50	66.63016929167017	65.65109456104717	0	BiDAF++ (single model) (UW and FAIR)
15	2018-09-13 15:42:56	69.14848816642802	68.02076280749266	0	BiDAF++ with pair2vec (single model) (UW and FAIR)
16	2018-09-14 03:05:50	70.36132401246526	69.26201760324983	0	Unet (single model) (Fudan University & Liulishuo Lab)
17	2018-09-14 11:36:06	72.32375979112271	71.3157300835026	0	SAN (ensemble model) (Microsoft Business Applications AI Research) https://arxiv.org/abs/1712.03556
18	2018-09-17 03:37:37	71.98686094500127	71.41728729406455	0	Unet (ensemble) (Fudan University & Liulishuo Lab) https://arxiv.org/abs/1810.06638
19	2018-09-26 20:55:24	69.38431735871305	69.47641615888061	0	Multi-Level Attention Fusion(MLAF) (single model) (Chonbuk National University, Cognitive Computing Lab.)
20	2018-10-12 10:23:21	72.2732249642045	72.66982622432859	0	YARCS (ensemble) (IBM Research AI)
21	2018-11-05 03:52:37	74.00825402172998	74.79124351162265	1	MIR-MRC(F-Net) (single model) (Kangwon National University, Natural Language Processing Lab. & ForceWin, KP Lab.)
22	2018-11-06 21:30:53	76.98138633875179	77.00293387497179	1	SLQA+BERT (single model) (Alibaba DAMO NLP) http://www.aclweb.org/anthology/P18-1158
23	2018-11-08 22:36:31	78.74168280973637	80.00451365380275	1	BERT (single model) (Google AI Language)
24	2018-11-09 19:28:32	78.34582666554367	79.18077183480027	0	L6Net + BERT (single model) (Layer 6 AI)
25	2018-11-14 18:16:17	72.21426766613324	71.66553825321598	0	BERT+Answer Verifier (single model) (Pingan Tech Olatop Lab)
26	2018-11-16 06:55:15	80.75465341531205	81.17806364251862	1	AoA + DA + BERT (single model) (Joint Laboratory of HIT and iFLYTEK Research)
27	2018-11-16 13:41:40	82.24543080939948	82.37418190024825	1	AoA + DA + BERT (ensemble) (Joint Laboratory of HIT and iFLYTEK Research)
28	2018-11-27 05:15:53	59.47106881158932	57.70706386820131	0	Tree-LSTM + BiDAF + ELMo (single model) (Carnegie Mellon University)
29	2018-12-03 00:41:01	79.33967826160196	80.11735499887159	0	PwP+BERT (single model) (AITRICS)
30	2018-12-06 20:40:46	78.19422218478901	79.77883096366509	0	NEXYS_BASE (single model) (NEXYS, DGIST R7)
31	2018-12-10 22:06:55	81.24315674218816	82.12593094109681	0	Candi-Net+BERT (ensemble) (42Maru NLP Team)
32	2018-12-12 04:13:58	81.36107133833066	82.12593094109681	0	BERT finetune baseline (single model) (Anonymous)
33	2018-12-13 00:37:43	82.32965552092985	83.53644775445723	1	BERT finetune baseline (ensemble) (Anonymous)
34	2018-12-14 05:47:22	77.08245599258822	78.05235838411194	0	BERT+AC(single model)(Hithink RoyalFlush)
35	2018-12-15 18:58:30	81.50425334793228	82.99480929812684	0	Lunet + Verifier + BERT (single model) (Layer 6 AI NLP Team)
36	2018-12-16 09:11:33	83.10452286700918	83.46874294741593	0	Lunet + Verifier + BERT (ensemble) (Layer 6 AI NLP Team)
37	2018-12-16 19:19:12	81.95906679019625	82.57729632137215	0	PAML+BERT (single model) (PINGAN GammaLab)
38	2018-12-19 06:44:11	79.99663101153878	80.65899345520198	0	Candi-Net+BERT (single model) (42Maru NLP Team)
39	2018-12-20 00:27:36	69.66225890676324	68.76551568494696	0	DocQA + NeurQuRI (single model) (2SAH)
40	2018-12-21 07:22:42	82.67497683820433	83.45745881290905	0	PAML+BERT (ensemble model) (PINGAN GammaLab)
41	2018-12-29 18:54:02	74.29461804093322	73.50485217783796	0	MMIPN(Single)
42	2019-01-01 22:44:31	67.84300513770741	66.61024599413226	0	EBB-Net (single model) (Enliple AI)
43	2019-01-05 03:51:43	75.60010106965383	76.05506657639359	0	synss (single model ) (bert_finetune)
44	2019-01-10 12:49:36	82.39703529015414	82.97224102911306	0	BERT + Synthetic Self-Training (single model) (Google AI Language) https://github.com/google-research/bert
45	2019-01-10 16:36:47	83.02872062663185	84.29248476641841	1	BERT + Synthetic Self-Training (ensemble) (Google AI Language) https://github.com/google-research/bert
46	2019-01-14 21:45:06	82.68339930935737	83.03994583615437	0	BERT + MMFT + ADA (single model) (Microsoft Research Asia)
47	2019-01-15 05:40:54	84.42685083803588	85.08237418190025	1	BERT + MMFT + ADA (ensemble) (Microsoft Research Asia)
48	2019-01-19 20:01:32	73.2249642044976	70.76280749266532	0	{BERT-base} (single-model) (Anonymous)
49	2019-01-22 20:43:03	79.40705803082625	80.59128864816068	0	BERT + NeurQuRI (single model) (2SAH)
50	2019-02-01 22:06:47	77.47831213678093	79.6321372150756	0	{bert-finetuning} (single model) (ksai)
51	2019-02-15 04:06:33	80.03874336730397	81.2570525840668	0	BERT + NeurQuRI (single model) (2SAH)
52	2019-02-15 05:29:23	80.973637665291	82.80297901150982	0	BERT + NeurQuRI (ensemble) (2SAH)
53	2019-02-16 18:15:05	82.64128695359219	83.17535545023696	0	Bert-raw (ensemble) (None)
54	2019-02-16 19:25:31	79.90398382885539	80.34303768900925	0	Bert-raw (single model) (None)
55	2019-02-25 05:20:22	81.7148151267582	81.11035883547731	0	BERT with Something (single model)(Anonymous)
56	2019-02-26 14:08:22	83.22243746315169	83.05122997066125	0	BERT with Something (ensemble)(Anonymous)
57	2019-02-27 22:34:02	81.38633875178978	82.71270593545475	0	BERT + NeurQuRI (ensemble) (2SAH)
58	2019-02-28 08:12:01	81.74850501137034	81.57300835025954	0	BERT-large+UBFT (single model)  (anonymous)
59	2019-02-28 18:49:36	81.16735450181083	81.97923719250734	0	BERT_s (single model) (Anonymous)
60	2019-03-05 13:52:19	85.10907100143181	85.15007898894154	1	BERT + N-Gram Masking + Synthetic Self-Training (single model) (Google AI Language) https://github.com/google-research/bert
61	2019-03-05 18:23:21	85.99343047250063	86.67343714737079	1	BERT + N-Gram Masking + Synthetic Self-Training (ensemble) (Google AI Language) https://github.com/google-research/bert
62	2019-03-07 16:12:07	78.2363345405542	79.74497856014443	0	BERT uncased (single model) (Anonymous)
63	2019-03-07 16:12:35	79.57550745388697	80.74926653125705	0	BERT + UnAnsQ (single model) (Anonymous)
64	2019-03-13 19:45:25	84.58687778994357	84.92439629880388	0	BERT + ConvLSTM + MTL + Verifier (single model) (Layer 6 AI)
65	2019-03-14 10:18:04	77.13299081950645	78.4811554953735	0	BISAN (single model) (Seoul National University & Hyundai Motors)
66	2019-03-14 14:07:01	79.49970521350964	78.87610020311442	0	{Anonymous} (single model) (Anonymous)
67	2019-03-15 06:51:24	86.14503495325529	86.72985781990522	1	BERT + ConvLSTM + MTL + Verifier (ensemble) (Layer 6 AI)
68	2019-03-16 03:15:50	85.53019455908364	85.88354773188897	0	BERT + DAE + AoA (single model) (Joint Laboratory of HIT and iFLYTEK Research)
69	2019-03-20 03:55:53	86.70091804935568	87.1473707966599	1	BERT + DAE + AoA (ensemble) (Joint Laboratory of HIT and iFLYTEK Research)
70	2019-03-20 08:14:33	83.86254527078245	83.60415256149854	0	Bert-raw (ensemble) (None)
71	2019-03-20 08:55:19	81.15050955950475	80.69284585872263	0	Bert-raw (single) (None)
72	2019-04-04 21:28:44	79.26387602122463	80.20762807492666	0	BISAN-CC (single model) (Seoul National University & Hyundai Motors)
73	2019-04-10 06:29:36	80.39248715573149	79.9706612502821	0	bert (single model)(vinda msqjmxx)
74	2019-04-11 21:59:51	84.81428451107556	84.80027081922816	0	SemBERT (single model) (Shanghai Jiao Tong University) https://arxiv.org/abs/1909.02209
75	2019-04-13 23:00:22	85.99343047250063	86.16565109456104	0	SemBERT(ensemble) (Shanghai Jiao Tong University) https://arxiv.org/abs/1909.02209
76	2019-04-16 16:56:18	84.83955192453466	84.83412322274881	0	Insight-baseline-BERT (single model) (PAII Insight Team)
77	2019-04-20 10:08:38	74.15985850248462	73.09862333559016	0	BERT-Base (single model) (Dining Philosophers)
78	2019-04-24 01:53:15	77.24248294449592	78.65041751297676	0	BERT + WIAN (ensemble) (Infosys Limited)
79	2019-04-24 23:49:26	71.0435441758612	71.69939065673663	0	BERT-Base (single) (GreenflyAI) https://greenfly.ai
80	2019-05-13 00:20:24	83.50037901120189	82.72399006996163	0	BERT-Base + QA Pre-training (single model) (Anonymous)
81	2019-05-14 00:59:06	82.74235660742862	82.881967953058	0	ATB (single model) (Anonymous)
82	2019-05-14 07:50:39	85.55546197254274	85.22906793048973	0	SG-Net (single model) (Shanghai Jiao Tong University) https://arxiv.org/abs/1908.05147
83	2019-05-14 20:09:37	86.24610460709172	86.21078763258858	0	SG-Net (ensemble) (Shanghai Jiao Tong University) https://arxiv.org/abs/1908.05147
84	2019-05-23 05:16:46	73.89033942558747	74.38501466937485	0	{BERTcw} (single model) (private)
85	2019-05-28 23:32:53	78.75010528088941	80.42202663055744	0	Bert (Single Model) Senseforth https://senseforth.ai
86	2019-06-19 08:52:39	84.67110250147394	85.00338524035206	0	BNDVnet (single model) (PAOS)
87	2019-06-20 23:02:34	82.58232965552094	83.14150304671632	0	SENSEFORTH + BERT (single)  Senseforth https://senseforth.ai
88	2019-07-20 08:19:14	86.44824391476459	86.82013089596028	0	RoBERTa (single model) (Facebook AI)
89	2019-07-22 03:44:43	87.75372694348522	88.59174001354096	1	XLNet + DAAF + Verifier (ensemble) (PINGAN Omni-Sinitic)
90	2019-07-22 17:33:57	78.64061315589994	79.9706612502821	0	Original BERT Large Cased (single model) (FAIR & UW)
91	2019-07-22 17:34:23	82.05171397287964	82.80297901150982	0	Tuned BERT Large Cased (single model) (FAIR & UW)
92	2019-07-22 17:43:19	83.69409584772173	83.75084631008802	0	Tuned BERT-1seq Large Cased (single model) (FAIR & UW)
93	2019-07-22 18:30:58	85.23540806872737	85.74813811780636	0	SpanBERT (single model) (FAIR & UW)
94	2019-07-26 10:04:23	86.8441000589573	87.19250733468743	0	UPM (single model) (Anonymous)
95	2019-07-26 14:49:25	87.94744378000506	88.23064770932069	0	UPM (ensemble) (Anonymous)
96	2019-08-04 03:56:22	88.15800555883096	88.17422703678628	0	XLNet + SG-Net Verifier (ensemble) (Shanghai Jiao Tong University & CloudWalk) https://arxiv.org/abs/1908.05147
97	2019-08-04 06:35:38	87.19784384738482	87.23764387271497	0	XLNet + SG-Net Verifier++ (single model) (Shanghai Jiao Tong University & CloudWalk) https://arxiv.org/abs/1908.05147
98	2019-08-30 00:04:35	86.06923271287796	86.57187993680884	0	Xlnet+Verifier(single model)(Ping An Life Insurance Company AI Team)
99	2019-09-03 02:39:39	83.91308009770067	84.72128187767998	0	Hanvon_model(single model) (Hanvon_WuHan)
100	2019-09-13 07:16:52	83.59302619388528	84.6422929361318	0	xlnet(single model)(VerifiedXiaoPAI)
101	2019-09-16 11:09:29	87.35787079929251	88.10652222974498	0	ALBERT (single model) (Google Research & TTIC) https://arxiv.org/abs/1909.11942
102	2019-09-18 13:12:10	88.92445043375726	89.73143759873618	1	ALBERT (ensemble model) (Google Research & TTIC) https://arxiv.org/abs/1909.11942
103	2019-09-29 02:14:06	85.20171818411522	85.83841119386143	0	BERTSP(single model)(NEUKG)http://www.techkg.cn/--please
104	2019-10-16 19:08:42	86.26294954939779	86.59444820582262	0	Xlnet+Verifier(single model)
105	2019-11-06 17:48:32	89.58982565484713	90.00225682690137	1	ALBERT + DAAF + Verifier (ensemble) (PINGAN Omni-Sinitic)
106	2019-11-08 21:31:18	83.49195654004885	84.20221169036336	0	BERT + Multiple-CNN (ensemble) (Kyonggi University (ICL) & KISTI)
107	2019-11-11 22:02:04	77.1919481175777	78.65041751297676	0	BERTlarge (single model) (SAIL)
108	2019-11-11 23:29:22	78.98593447317442	80.45587903407808	0	BERTlarge (ensemble) (SAIL)
109	2019-11-12 01:10:52	86.85252253011033	86.44775445723313	0	RoBERTa+Verify (single model) (CW)
110	2019-11-15 18:45:03	87.89690895308684	87.92597607763484	0	XLNet (single model) (Google Brain & CMU)
111	2019-11-27 17:31:14	87.54316516465931	86.93297224102912	0	RoBERTa+Verify (ensemble) (CW)
112	2019-12-08 18:34:12	87.69476964541397	87.84698713608667	0	ALBERT+Entailment DA Verifier(single model)(CloudWalk)
113	2019-12-08 18:54:09	88.85707066453297	88.76100203114422	0	ALBERT+Entailment DA(ensemble)(CloudWalk)
114	2019-12-09 21:09:58	85.58915185715489	86.4026179192056	0	XLNET-V2-123+ (single model) (MST/EOI) http://tia.today
115	2020-01-07 10:32:18	87.77057188579128	88.19679530580005	0	ALBERT + SFVerifier (single model) (Senseforth AI Research) https://www.senseforth.ai/
116	2020-01-10 02:34:14	89.58140318369409	90.1150981719702	1	Retro-Reader on ALBERT (ensemble) (Shanghai Jiao Tong University)  http://arxiv.org/abs/2001.09694v2
117	2020-01-12 22:46:06	73.11547207950812	73.74181900248252	0	batch2 (single model) (THU)
118	2020-01-19 10:27:46	87.75372694348522	88.10652222974498	0	Retro-Reader on ALBERT (single model) (Shanghai Jiao Tong University) http://arxiv.org/abs/2001.09694v2
119	2020-02-10 17:07:42	87.44209551082288	87.99368088467615	0	SkERT-Large (single model) (Skelter Labs)
120	2020-02-10 17:10:54	86.98728206855891	87.70029338749718	0	ALBERT 1.1 (single model) (Anonymous)
121	2020-02-12 02:22:44	87.82110671270951	87.84698713608667	0	Tuned ALBERT (single model) (Group Data & Analytics Cell | Aditya Birla Group)) https://www.adityabirla.com/About/group-data-and-analytics
122	2020-02-20 17:38:54	88.13273814537185	88.63687655156849	0	Tuned ALBERT (ensemble model) (Group Data & Analytics Cell | Aditya Birla Group)) https://www.adityabirla.com/About/group-data-and-analytics
123	2020-02-24 17:59:17	87.92217636654594	88.59174001354096	0	ALBERT (Single model) (SRCB_DML)
124	2020-02-25 01:18:05	89.53086835677588	89.74272173324306	0	Albert_Verifier_AA_Net (ensemble) (QIANXIN)
125	2020-02-25 21:02:06	78.74168280973637	79.60956894606184	0	BERT-Large-Cased (single model)
126	2020-02-29 04:19:49	87.71161458772004	87.86955540510043	0	ALBERT+RL(single model)(Hithink RoyalFlush)
127	2020-03-06 11:10:00	88.30961003958562	88.71586549311668	0	ELECTRA (single model) (Google Brain & Stanford)
128	2020-03-12 00:24:44	89.8593447317443	90.38591740013541	1	ALBERT + DAAF + Verifier (ensemble) (PINGAN Omni-Sinitic)
129	2020-03-13 03:17:53	87.92217636654594	88.43376213044459	0	aanet_v2.0 (single model) (QIANXIN)
130	2020-03-27 05:13:28	88.78126842415564	89.46061837057098	0	albert+KD+transfer (ensemble) (Anonymous)
131	2020-03-28 18:45:34	88.77284595300262	89.56217558113293	0	Retro-Reader on ELECTRA (single model) (Shanghai Jiao Tong University) http://arxiv.org/abs/2001.09694v2
132	2020-03-30 01:29:55	87.35787079929251	88.10652222974498	0	MTL (single model ) (HAPTIK AI RESEARCH) https://haptik.ai
133	2020-04-04 20:53:28	87.30733597237429	87.42947415933197	0	LUKE (single model) (Studio Ousia & NAIST & RIKEN AIP)
134	2020-04-05 04:45:07	90.02779415480502	90.57774768675243	1	Retro-Reader (ensemble) (Shanghai Jiao Tong University) http://arxiv.org/abs/2001.09694v2
135	2020-04-06 21:59:20	90.38996041438558	90.72444143534192	1	SA-Net on Albert (ensemble) (QIANXIN)
136	2020-04-08 19:28:34	89.01709761644067	89.22365154592643	0	ALBert-LSTM ( ensemble) (oppo.tensorlab)
137	2020-04-14 19:46:23	88.58755158763582	88.85127510719927	0	SA-Net on Electra (single model) (QIANXIN)
138	2020-04-15 10:07:46	88.57070664532974	89.13337846987136	0	ALBERT + SFVerifier (ensemble model) (Senseforth AI Research) https://www.senseforth.ai/
139	2020-04-18 15:59:46	88.9328729049103	89.23493568043331	0	ALBERT + MTDA + SFVerifier (ensemble model) (Senseforth AI Research) https://www.senseforth.ai/
140	2020-04-21 20:54:13	88.27592015497346	89.1108102008576	0	albert+KD+transfer+twopass (single) (SPPD)
141	2020-04-22 22:20:33	88.39383475111597	89.02053712480253	0	ELECTRA+RL+EV(single model)(Hithink RoyalFlush)
142	2020-04-23 06:26:27	73.99983155057694	72.07176709546378	0	BERT-base (single model)
143	2020-04-25 20:00:25	73.99983155057694	72.07176709546378	0	BERTBase (single model) (Anonymous)
